Nref,ID,Reference,Link document,Link data
1,Magenes et al. (2008),"Magenes G., Morandi P., Penna A. (2008). Test results on the behaviour of masonry under static cyclic in plane lateral loads. Deliverable D7.1c, ESECMaSE Project, www.esecmase.org.",http://www.esecmase.org,
2,Magenes & Calvi (1992),"Magenes G., Calvi G.M. (1992). Cyclic behaviour of brick masonry walls. Proc. of the 10th World Conference on Earthquake Engineering, Madrid.",https://www.iitk.ac.in/nicee/wcee/article/10_vol6_3517.pdf,
3,Anthoine et al. (1995),"Anthoine A., Magonette G., Magenes G. (1995). Shear-compression testing and analysis of brick masonry walls. Proc. of the 10th European Conference on Earthquake Engineering, Vienna.",https://www.researchgate.net/publication/303168220_Shear-compression_testing_and_analysis_of_brick_masonry_walls,
4,Abrams & Shan (1992),"Abrams D.P., Shah N. (1992). Cyclic load testing of unreinforced masonry walls. U.S. Army Research Office.",https://books.google.ch/books?hl=es&lr=&id=lcF9EvnZuG0C&oi=fnd&pg=PA1&ots=_IEVtmbX7L&sig=Qvy4UsNLF7N9FjUUeW6Bhs8ivG0&redir_esc=y#v=onepage&q&f=false,
5,Bosiljkov et al. (2003),"Bosiljkov V., Page A., Bokan-Bosiljkov V., Žarnić R. (2003). Performance based studies of in-plane loaded unreinforced masonry walls. Masonry International, Vol. 16, No. 2, 39-50.",https://www.researchgate.net/publication/284651066_Performance_based_studies_of_in-plane_loaded_unreinforced_masonry_walls,
6,Manzouri at al. (1995),"Manzouri T., Schuller M.P., Shing P.B., Amadei B. (1995). Repair and retrofit of unreinforced masonry structures. Earthquake Spectra, Vol. 12, No. 4, 903-922.",https://onlinelibrary.wiley.com/doi/epdf/10.1193/1.1585916,
7,Bosiljkov & Tomazevic (2004/2006),"Bosiljkov V., Tomazevic M. (2004/2006). Optimization of shape of masonry units and technology of construction for earthquake resistant masonry buildings. Research report (part I and III), ZAG, Ljubljana.",,
8,Zilch et al. (2008),"Zilch K., Finck W., Grabowski S., Schermer D., Scheufler W. (2008). Test results on the behaviour of masonry under static cyclic in plane lateral loads. Deliverable D7.1.b, ESECMaSE Project, www.esecmase.org.",http://www.esecmase.org,
9,Fehling et al. (2007),"Fehling E., Stuerz J., Emami A. (2007). Test results on the behaviour of masonry under static (monotonic and cyclic) in plane lateral loads. Deliverable D7.1a, ESECMaSE Project, www.esecmase.org.",http://www.esecmase.org,
10,Ötes et al. (2003),"Ötes A., Löring S. (2003). Tastversuche zur identifizierung des verhaltensfaktors von mauerwerksbauten für den erdbebennachweis. Technical report, University of Dortmund.",,
11,Penna et al. (2015),"Penna A., Mandirola M., Rota M., Magenes G. (2015). Experimental assessment of the in-plane lateral capacity of autoclaved aerated concrete (AAC) masonry walls with flat-truss bed-joint reinforcement. Construction and Building Materials, Vol. 82, 155-166.",https://www.sciencedirect.com/science/article/pii/S0950061815002044,
12,Rosti et al. (2016),"Rosti A., Penna A., Rota M., Magenes G. (2016). In-plane cyclic response of low-density AAC URM walls. Material and Structures, Vol. 49, No. 11, 4785-4798.",https://link.springer.com/article/10.1617/s11527-016-0825-5,
13,Costa et al. (2011),"Costa A., Penna A., Magenes G. (2011). Seismic performance of autoclaved aerated concrete (AAC) masonry: from experimental testing of the in-plane capacity of walls to building response simulation. Journal of Earthquake Engineering, Vol. 15, No. 1, 1-31.",https://www.tandfonline.com/doi/full/10.1080/13632461003642413,
14,Petry & Beyer (2014),"Petry S., Beyer K. (2014). Influence of boundary conditions and size effect on the drift capacity of URM walls. Engineering structures, Vol. 65, 76-88.",https://www.sciencedirect.com/science/article/pii/S0141029614000625,
15,Modena et al. (2005),"Modena C., Da Porto F., Garbin E. (2005). Ricerca sperimentale sul comportamento di sistemi per muratura portante in zona sismica. Report, University of Padova.",,
16,Frumento et al. (2009),"Frumento S., Magenes G., Morandi P., Calvi G.M. (2009). Interpretation of experimental shear tests on clay brick masonry walls and evaluation of q-factors for seismic design. Eucentre Research Report 2009/02, IUSS Press, Pavia.",https://www.researchgate.net/publication/319236644_Interpretation_of_experimental_shear_tests_on_clay_brick_masonry_walls_and_evaluation_of_q-factors_for_seismic_design,
17,Morandi et al. (2013),"Morandi P., Albanesi L., Magenes G. (2013). In-plane experimental response of masonry walls with thin shell and web clay units. Proc. of the Vienna Congress on Recent Advances in Earthquake Engineering and Structural Dynamics 2013, Vienna.",https://www.researchgate.net/publication/260056183_In-plane_experimental_response_of_masonry_walls_with_thin_shell_and_web_clay_units,
18,Morandi et al. (2014),"Morandi P., Albanesi L., Magenes G. (2014). URM walls with thin shell/web clay units and unfilled head-joints: cyclic in-plane tests. Proc. of the Second European Conference on Earthquake Engineering and Seismology, Istanbul.",https://www.researchgate.net/publication/320471641_URM_WALLS_WITH_THIN_SHELLWEB_CLAY_UNITS_AND_UNFILLED_HEAD-JOINTS_CYCLIC_IN-PLANE_TESTS,
19,Fehling & Stürz (2008),"Fehling E., Stürz J. (2008). Experimentelle untersuchungen zum schubtragverhalten von porenbetonwandscheiben. Report, University of Kassel.",,
20,Salmanpour et al (2015),"Salmanpour A.H., Mojsilović N., Schwartz J. (2015). Displacement capacity of contemporary unreinforced masonry walls: an experimental study. Engineering Structures, Vol. 89, 1-16.",https://www.sciencedirect.com/science/article/pii/S0141029615000735,
21,Morandi et al. (2015),"Morandi P., Albanesi L., Magenes G. (2015). Prestazioni sismiche di pannelli murari in blocchi di laterizio a setti sottili soggetti a test ciclici nel piano. Atti del XVI Convegno ANIDIS - L’ingegneria Sismica in Italia, L’Aquila.",https://www.researchgate.net/publication/304989925_Prestazioni_sismiche_di_pannelli_murari_in_blocchi_di_laterizio_a_setti_sottili_soggetti_a_test_ciclici_nel_piano,
22,Graziotti et al. (2016a),"Graziotti F., Rossi A., Mandirola M., Penna A., Magenes G. (2016). Experimental characterization of calcium-silicate brick masonry for seismic assessment. Brick and Block Masonry: Trends, Innovations and Challenges - Proceedings of the 16th International Brick and Block Masonry Conference, IBMAC 2016, 1619-1628.",https://www.researchgate.net/publication/305872698_Experimental_characterisation_of_calcium-silicate_brick_masonry_for_seismic_assessment_Proceedings_of_the_16th_International_Brick_and_Block_Masonry_Conference_Padova_Italy_26-30_June_2016,
23,Graziotti et al. (2016b),"Graziotti F., Tomassetti U., Rossi A., Marchesi B., Kallioras S., Mandirola M., Fragomeli A., Mellia E., Peloso S., Cuppari F., Guerrini G., Penna A., Magenes G. (2016). Shaking table tests on a full-scale clay-brick masonry house representative of the Groningen building stock and related characterization tests. Report EUC128/2016U, Eucentre, Pavia.",,
24,Inzunza Araya et al. (2026),"Inzunza Araya E., Saloustros S., Beyer K. (2026). Experimental study of size effect on shear-controlled hollow clay brick unreinforced masonry walls under in-plane shear-compression loading. Engineering Structures, Vol. 366, Part C, No. 123496.",https://doi.org/10.1016/j.engstruct.2026.123496,
25,Inzunza Araya et al. (2027),,,
