#1,#2,#3,#4,#5,#6,#7,#8,#9,#10,#11,#12,#13,#14,#15,#16,#17,#18,#19,#20,#21,#22,#23,#24,#25,#26,#27,#28,#29,#30,#31,#32,#33,#34,#35,#36,#37,#38,#39,#40,#41,#42,#43,#44,#45,#46,#47
General Information [I],,,Wall Characteristics [II],,,,,,,Material Properties [III],,,,,,,,,,,,,,,,Test setup [IV],,Force-displacement response [V],,,,,,,,,,,,Bilinear idealisation [VI],,,,,,Cracks [VII]
#1,#2,#3,#1,#2,#3,#4,#5,#6,#7,#1,#2,#3,#4,#5,#6,#7,#8,#9,#10,#11,#12,#13,#14,#15,#16,#1,#2,#1,#2,#3,#4,#5,#6,#7,#8,#9,#10,#11,#12,#1,#2,#3,#4,#5,#6,#1
N,Reference,Specimen name,Unit type,N° courses,H [m],L [m],t [m],Bed Joints,Head Joints,Void Ratio        [%],lb [mm],wb [mm],hb [mm],"fb,Ʇ [MPa]","fb,norm,Ʇ [MPa]","fb,ǁ [MPa]","fb,norm,ǁ [MPa]",fmo [MPa],"fm,c [MPa]","fm,t [MPa]",Emo [MPa],Em [MPa],Gm [MPa],fv0 [MPa],μ [-],H0/H [-], σ0 [MPa],F-d data,Failure mode,δcr+ [%],δcr- [%], δVmax+ [%], δVmax- [%],Vmax+ [kN],Vmax- [kN], δmax+ [%], δmax- [%],Vδmax+ [kN],Vδmax- [kN], Vbil+ [kN], Vbil- [kN],δe+ [%],δe- [%],δu+ [%],δu- [%],Crack measurements
1,Magenes et al. (2008),CS01,CS,10,2.5,1.25,0.175,TL,U,solid,248,175,248,26.5,34.344,,,10,19.39744268,0.265333333,,NaN,NaN,0.5,NaN,0.5,1,,S,NaN,NaN,0.156,0.1528,84.26,87,NaN,NaN,,,77.741,61.568,0.068,0.064,NaN,NaN,
2,Magenes et al. (2008),CS02,CS,10,2.5,1.25,0.175,TL,U,solid,248,175,248,26.5,34.344,,,10,19.39744268,0.265333333,,NaN,NaN,0.5,NaN,0.5,1,,S,NaN,NaN,0.232,0.2468,86.94,87,0.2924,0.292,,,79.9,83.64,0.068,0.06,0.232,0.2468,
3,Magenes et al. (2008),CS03,CS,10,2.5,1.25,0.175,TL,U,solid,248,175,248,26.5,34.344,,,10,19.39744268,0.265333333,,NaN,NaN,0.5,NaN,0.5,0.5,,S,NaN,NaN,0.3784,0.3936,48,49,0.6796,0.6856,,,44.238,48.32,0.024,0.032,0.58,0.588,
4,Magenes et al. (2008),CS04,CS,10,2.5,1.25,0.175,TL,U,solid,248,175,248,26.5,34.344,,,10,19.39744268,0.265333333,,NaN,NaN,0.5,NaN,0.5,2,,S,NaN,NaN,0.17,0.178,143.1,150,0.192,0.1904,,,114.24,138.12,0.08,0.096,0.1828,0.178,
5,Magenes et al. (2008),CS05,CS,10,2.5,1.25,0.175,TL,TF,solid,248,175,248,26.5,34.344,,,10,19.39744268,0.265333333,,NaN,NaN,0.5,NaN,0.5,1,,H-FS,NaN,NaN,0.4784,0.4776,97.92,98,1.7264,1.532,,,93.6,98,0.052,0.056,1.472,1.436,
6,Magenes et al. (2008),CS06,CS,10,2.5,1.25,0.175,TL,U,solid,248,175,248,26.5,34.344,,,10,19.39744268,0.265333333,,NaN,NaN,0.5,NaN,1,1,,F,NaN,NaN,0.3252,0.3576,43,40.23,1.7684,1.6736,,,40,38.46,0.064,0.06,1.7684,1.6736,
7,Magenes et al. (2008),CS07,CS,10,2.5,2.5,0.175,TL,U,solid,248,175,248,26.5,34.344,,,10,19.39744268,0.265333333,,NaN,NaN,0.5,NaN,0.5,1,,H-FG,NaN,NaN,0.9548,0.6652,224.27,224,1.2052,1.2032,,,219,214.545,0.06,0.06,1.2052,1.2032,
8,Magenes et al. (2008),CS08,CS,10,2.5,2.5,0.175,TL,U,solid,248,175,248,26.5,34.344,,,10,19.39744268,0.265333333,,NaN,NaN,0.5,NaN,1,1,,H-FG,NaN,NaN,0.414,0.4372,158.4,170.1,0.8708,0.8792,,,154,170.1,0.112,0.084,0.8708,0.8484,
9,Magenes et al. (2008),CL03,HC,10,2.5,1,0.365,TL,UTG,0.45,247,365,249,13.1,15.0519,,,10,5.605227101,NaN,,NaN,NaN,0.375,NaN,0.5,0.14,,F,NaN,NaN,0.5792,0.2352,21.2,22,1.488,1.488,,,21.172,21.1609,0.0316,0.0244,1.22,1.22,
10,Magenes et al. (2008),CL04,HC,13,2.6,2.5,0.3,GP,F,0.45,250,300,190,15.1,16.157,,,7.38,9.5,0.278,,5905.166667,NaN,0.51,0.85,0.5,0.68,,S,NaN,NaN,0.235769231,0.209615385,312,320,0.429230769,0.429230769,,,289.5,287.7,0.096153846,0.095,0.341923077,0.360384615,
11,Magenes et al. (2008),CL05,HC,13,2.6,2.5,0.3,GP,F,0.45,250,300,190,15.1,16.157,,,7.38,9.5,0.278,,5905.166667,NaN,0.51,0.85,0.5,0.68,,S,NaN,NaN,0.190384615,0.208076923,342.36,351,0.248076923,0.262692308,,,322,332.6,0.116923077,0.104230769,0.248076923,0.262692308,
12,Magenes et al. (2008),CL06,HC,13,2.6,1.25,0.3,GP,F,0.45,250,300,190,15.1,16.157,,,7.38,9.5,0.278,,5905.166667,NaN,0.51,0.85,0.5,0.5,,F,NaN,NaN,0.383461538,0.375,84.3,86,1.980769231,1.954615385,,,78.7,79.8,0.075384615,0.076153846,1.980769231,1.954615385,
13,Magenes et al. (2008),CL07,HC,13,2.6,1.25,0.3,GP,UTG,0.45,250,300,190,10,10.7,,,10.64,6.6,0.092,,3212.833333,NaN,0.375,NaN,0.5,0.5,,S,NaN,NaN,0.192307692,0.180769231,72.12,75,0.269230769,0.288461538,,,70.7,73.4,0.156538462,0.113076923,0.222307692,0.243461538,
14,Magenes et al. (2008),CL08,HC,13,2.6,2.5,0.3,GP,UTG,0.45,250,300,190,10,10.7,,,10.64,6.6,0.092,,3212.833333,NaN,0.375,NaN,0.5,0.68,,S,0.2,NaN,0.401538462,0.256538462,270,276,0.519230769,0.573076923,,,259.3,264.7,0.145769231,0.128076923,0.401538462,0.460384615,
15,Magenes et al. (2008),CL09,HC,11,2.6,1.25,0.3,TL,UTG,0.45,250,300,230,10,11.3,,,10.23,5.3,0.027,,3874,NaN,0.375,NaN,0.5,0.5,,S,NaN,NaN,0.192307692,0.276923077,70.46,74,0.269230769,0.276923077,,,66.3,71.6,0.106923077,0.119615385,0.208461538,0.276923077,
16,Magenes et al. (2008),CL10,HC,11,2.6,2.5,0.3,TL,UTG,0.45,250,300,230,10,11.3,,,10.23,5.3,0.027,,3874,NaN,0.375,NaN,0.5,0.68,,S,0.2,NaN,0.331153846,0.368076923,217.12,220,0.452307692,0.458461538,,,205.6,207.8,0.109230769,0.122692308,0.331153846,0.368076923,
17,Magenes et al. (2008),LAC01,LAC,10,2.5,2.5,0.175,GP,UTG,NaN,247,175,238,15,19.14,,,5,8.113244779,NaN,,NaN,NaN,0.1875,NaN,0.5,0.5,,H-FG,NaN,NaN,0.3764,0.4676,112.7573841,115.72,1.2444,0.948,,,108.832,115.7101931,0.064,0.0552,0.972,0.948,
18,Magenes et al. (2008),LAC02,LAC,10,2.5,2.5,0.175,TL,UTG,NaN,247,175,248,15,19.44,,,10,11.95812406,NaN,,NaN,NaN,0.375,NaN,0.5,0.5,,H-FG,NaN,NaN,0.134,0.0792,138,130,1.4944,1.4296,,,118.69,115.5,0.0572,0.042,1.22,1.2,
19,Magenes et al. (2008),LAC03,LAC,10,2.5,2.5,0.175,GP,UTG,NaN,247,175,238,15,19.14,,,5,8.113244779,NaN,,NaN,NaN,0.1875,NaN,0.5,1,,H-FG,NaN,NaN,0.5448,0.6668,220.9270882,221,0.7464,0.764,,,210,214.72,0.08,0.0704,0.7464,0.764,
20,Magenes et al. (2008),LAC04,LAC,10,2.5,2.5,0.175,TL,UTG,NaN,247,175,248,15,19.44,,,10,11.95812406,NaN,,NaN,NaN,0.375,NaN,0.5,1,,H-FG,NaN,NaN,0.3456,0.5584,221.9679086,222,0.7476,0.7572,,,218.8356,218.2824,0.0688,0.0852,0.7476,0.7572,
21,Magenes & Calvi (1992),MI1,SB-C,31,2,1.5,0.38,GP,F,solid,250,120,55,19.72,14.92146667,,,4.33,7.92,NaN,,2991,NaN,0.21,0.81,0.5,1.2,,S,NaN,NaN,0.1995,0.1795,269.55,259.63,0.591,0.356,,,250.829986,239.9986149,0.124626321,0.127927611,0.4842692,0.3558,
22,Magenes & Calvi (1992),MI2,SB-C,31,2,1.5,0.38,GP,F,solid,250,120,55,19.72,14.92146667,,,4.33,7.92,NaN,,2991,NaN,0.21,0.81,0.5,0.4,,S,NaN,NaN,0.4005,0.3866,241.62,227.21,0.45685,0.71245,,,237.7764049,214.4017557,0.300209327,0.281973248,0.444793333,0.534367778,
23,Magenes & Calvi (1992),MI3,SB-C,46,3,1.5,0.38,GP,F,solid,250,120,55,19.72,14.92146667,,,4.33,7.92,NaN,,2991,NaN,0.21,0.81,0.5,1.2,,S,NaN,NaN,0.416666667,0.252,190.34,163.53,0.534333333,0.537,,,169.9310602,143.9466716,0.155078811,0.122203192,0.472960392,0.472674667,
24,Magenes & Calvi (1992),MI4,SB-C,46,3,1.5,0.38,GP,F,solid,250,120,55,19.72,14.92146667,,,4.33,7.92,NaN,,2991,NaN,0.21,0.81,0.5,0.4,,S,NaN,NaN,0.385666667,0.347266667,168.54,153.72,0.546633333,0.640933333,,,155.240093,141.4137117,0.262214786,0.255367135,0.47288,0.546488889,
25,Anthoine et al. (1995),ISP1,SB-C,21,1.35,1,0.25,GP,F,solid,250,120,55,26.9,20.35433333,,,3.31,6.2,NaN,,NaN,NaN,0.23,0.58,0.5,0.6,,S,NaN,NaN,0.216296296,0.216296296,81.41,84.24,0.528148148,0.572592593,,,71.46171389,73.74895272,0.123733804,0.098359046,0.381344621,0.438046201,
26,Anthoine et al. (1995),ISP3,SB-C,31,2,1,0.25,GP,F,solid,250,120,55,26.9,20.35433333,,,3.31,6.2,NaN,,NaN,NaN,0.23,0.58,0.5,0.8,,F,NaN,NaN,0.4986,0.48395,71.9,72.18,0.752,0.75095,,,62.86657633,66.6497883,0.264715471,0.258351918,0.752,0.75095,
27,Abrams & Shan (1992),W1,SB-C,24,1.626,3.658,0.198,GP,F,solid,198,89,56,24,19.488,,,6.28,6.28,NaN,,NaN,NaN,0.69,0.5,1,0.52,,S,NaN,NaN,0.468634686,0.329458795,409.4,436.1,0.561746617,1.068204182,,,382.2897775,396.3870681,0.227601419,0.127267541,0.549279102,0.80070532,
28,Abrams & Shan (1992),W2,SB-C,24,1.626,2.743,0.198,GP,F,solid,198,89,56,24,19.488,,,6.28,6.28,NaN,,NaN,NaN,0.69,0.5,1,0.34,,H-FS,NaN,NaN,0.281057811,0.392373924,191.35,200.25,0.446494465,0.916359164,,,173.9911278,189.3882951,0.121944287,0.168319967,0.446452645,0.916313601,
29,Abrams & Shan (1992),W3,SB-C,24,1.626,1.829,0.198,GP,F,solid,198,89,56,24,19.488,,,6.28,6.28,NaN,,NaN,NaN,0.69,0.5,1,0.34,,F,NaN,NaN,0.312423124,0.312423124,104.397,95.898,0.550369004,0.594895449,,,99.39192889,93.32030657,0.055795614,0.051518389,0.550333333,0.594853629,
30,Bosiljkov et al. (2003),CM01,SB-C,18,1.4,0.95,0.12,GP,F,solid,250,120,65,21.4691358,17.39,,,13.85,14.98,0.42,,NaN,NaN,0.375,NaN,1,2.72,,H-FS,0.107142857,NaN,0.427857143,0.427857143,95.48,95.48,0.565,0.565,,,86.41,86.41,0.115714286,0.115714286,NaN,NaN,
31,Bosiljkov et al. (2003),CM02,SB-C,18,1.4,0.95,0.12,GP,F,solid,250,120,65,21.4691358,17.39,,,13.85,14.98,0.42,,NaN,NaN,0.375,NaN,1,2.72,,H-FS,0.07,NaN,0.755714286,0.755714286,97.78,97.78,1.107857143,1.107857143,,,93.63,93.63,0.267857143,0.267857143,NaN,NaN,
32,Bosiljkov et al. (2003),CLM01,SB-C,18,1.4,0.95,0.12,GP,F,solid,250,120,65,21.4691358,17.39,,,9.47,12.51,0.38,,NaN,NaN,0.25,NaN,1,2,,H-FS,0.046428571,NaN,1.015,1.015,76.1,76.1,1.178571429,1.178571429,,,67.46,67.46,0.116428571,0.116428571,NaN,NaN,
33,Bosiljkov et al. (2003),CLM02,SB-C,18,1.4,0.95,0.12,GP,F,solid,250,120,65,21.4691358,17.39,,,9.47,12.51,0.38,,NaN,NaN,0.25,NaN,1,2,,H-FS,0.062857143,NaN,0.652857143,0.652857143,72.2,72.2,0.675714286,0.675714286,,,63.8,63.8,0.112142857,0.112142857,NaN,NaN,
34,Bosiljkov et al. (2003),CLM03,SB-C,18,1.4,0.95,0.12,GP,F,solid,250,120,65,21.4691358,17.39,,,9.47,12.51,0.38,,NaN,NaN,0.25,NaN,1,2,,H-FS,0.071428571,NaN,0.554285714,0.554285714,66.35,66.35,0.727857143,0.727857143,,,60.24,60.24,0.114285714,0.114285714,NaN,NaN,
35,Bosiljkov et al. (2003),LM01,SB-C,18,1.4,0.95,0.12,GP,F,solid,250,120,65,21.4691358,17.39,,,1.13,6.93,0.1,,NaN,NaN,0.125,NaN,1,1.16,,H-FS,0.03,NaN,0.637857143,0.637857143,43.75,43.75,0.932857143,0.932857143,,,37.25,37.25,0.091,0.091,NaN,NaN,
36,Bosiljkov et al. (2003),LM02,SB-C,18,1.4,0.95,0.12,GP,F,solid,250,120,65,21.4691358,17.39,,,1.13,6.93,0.1,,NaN,NaN,0.125,NaN,1,1.16,,H-FS,0.135,NaN,0.600714286,0.600714286,49.43,49.43,0.715,0.715,,,45.55,45.55,0.209285714,0.209285714,NaN,NaN,
37,Bosiljkov et al. (2003),LM03,SB-C,18,1.4,0.95,0.12,GP,F,solid,250,120,65,21.4691358,17.39,,,1.13,6.93,0.1,,NaN,NaN,0.125,NaN,1,1.16,,H-FS,0.135,NaN,0.792142857,0.792142857,40.73,40.73,1.034285714,1.034285714,,,36.47,36.47,0.249285714,0.249285714,NaN,NaN,
38,Bosiljkov et al. (2003),CLM04,SB-C,18,1.4,0.95,0.12,GP,F,solid,250,120,65,21.4691358,17.39,,,9.47,12.51,0.38,,NaN,NaN,0.25,NaN,1,0.69,,SL,0.031428571,NaN,0.857857143,0.857857143,27,27,2.142857143,2,,,24.69,24.69,0.068571429,0.068571429,NaN,NaN,
39,Bosiljkov et al. (2003),CLM05,SB-C,18,1.4,0.95,0.12,GP,F,solid,250,120,65,21.4691358,17.39,,,9.47,12.51,0.38,,NaN,NaN,0.25,NaN,1,1,,H-FSL,0.047857143,NaN,1.762142857,1.762142857,49.9,49.9,1.762142857,4.571428571,,,43.77,43.77,0.150714286,0.150714286,NaN,NaN,
40,Bosiljkov et al. (2003),CLM06,SB-C,18,1.4,0.95,0.12,GP,F,solid,250,120,65,21.4691358,17.39,,,9.47,12.51,0.38,,NaN,NaN,0.25,NaN,1,1.5,,H-FS,0.079285714,NaN,1.191428571,1.191428571,70.6,70.6,2.458571429,2.458571429,,,65.78,65.78,0.151428571,0.151428571,NaN,NaN,
41,Bosiljkov et al. (2003),CLM07,SB-C,18,1.4,0.95,0.12,GP,F,solid,250,120,65,21.4691358,17.39,,,9.47,12.51,0.38,,NaN,NaN,0.25,NaN,1,4,,S,0.121428571,NaN,0.431428571,0.431428571,114.83,114.83,0.451428571,0.451428571,,,107.04,107.04,0.156428571,0.156428571,NaN,NaN,
42,Bosiljkov et al. (2003),CLM08,SB-C,18,1.4,0.95,0.12,GP,F,solid,250,120,65,21.4691358,17.39,,,9.47,12.51,0.38,,NaN,NaN,0.25,NaN,1,4,,S,0.110714286,NaN,0.476428571,0.476428571,116.68,116.68,0.553571429,0.553571429,,,108.05,108.05,0.153571429,0.153571429,NaN,NaN,
43,Manzouri at al. (1995),W1,SB-C,20,1.524,2.591,0.33,GP,F,solid,210,105,51,21.64,16.25885333,,,3.83,13.79,NaN,,NaN,NaN,0.25,NaN,1,1.03,,H-FSL,0.066666667,NaN,0.333333333,0.333333333,694.2,694.2,NaN,NaN,,,NaN,NaN,NaN,NaN,NaN,NaN,
44,Manzouri at al. (1995),W2,SB-C,20,1.524,2.591,0.33,GP,F,solid,210,105,51,21.64,16.25885333,,,5.07,15.17,NaN,,NaN,NaN,0.25,NaN,1,0.38,,H-FS,0.033333333,NaN,0.283333333,0.283333333,324.85,324.85,NaN,NaN,,,NaN,NaN,NaN,NaN,NaN,NaN,
45,Manzouri at al. (1995),W3,SB-C,20,1.524,2.591,0.33,GP,F,solid,210,105,51,21.64,16.25885333,,,2.63,17.93,NaN,,NaN,NaN,0.25,NaN,1,0.59,,H-FS,0.033333333,NaN,0.266666667,0.266666667,364.9,364.9,0.845013123,0.783333333,,,283.1302732,285.3877915,0.099527319,0.104697592,0.77517027,0.52012765,
46,Bosiljkov & Tomazevic (2004/2006),BNL1,HC,6,1.51,1.028,0.3,GP,F,0.5,245,298,237,10,11.37,,,5,4.13,0.11,,3088,332,0.25,NaN,1,0.6,,F,NaN,NaN,0.625165563,0.625165563,55.16,55.1,1.986754967,1.986754967,,,51.9,52.3,0.054966887,0.058278146,1.70794702,1.655629139,
47,Bosiljkov & Tomazevic (2004/2006),BNL2,HC,6,1.51,1.03,0.3,GP,F,0.5,245,298,237,10,11.37,,,5,4.13,0.18,,3088,280,0.25,NaN,1,1.19,,H-FS,NaN,NaN,0.377483444,0.377483444,92.68,99.39,0.82781457,0.82781457,,,87.9,94,0.129801325,0.141059603,0.660264901,0.668874172,
48,Bosiljkov & Tomazevic (2004/2006),BNL3,HC,6,1.515,1.033,0.3,GP,F,0.5,245,298,237,10,11.37,,,5,4.13,0.11,,3088,337,0.25,NaN,1,0.6,,H-FS,NaN,NaN,0.62970297,0.62970297,55.31,56.22,1.650165017,1.650165017,,,52.7,52.7,0.085148515,0.054785479,1.398679868,1.312211221,
49,Bosiljkov & Tomazevic (2004/2006),BNL4,HC,6,1.514,1.025,0.3,GP,F,0.5,245,298,237,10,11.37,,,5,4.13,0.23,,3088,369,0.25,NaN,1,1.19,,H-FS,NaN,NaN,0.637384412,0.637384412,112,107.4,1.117569353,1.122853369,,,105.6,96.1,0.136063408,0.114927345,1.065389696,0.854029062,
50,Bosiljkov & Tomazevic (2004/2006),BNL5,HC,6,1.511,1.027,0.3,GP,F,0.5,245,298,237,10,11.37,,,5,4.13,0.22,,3088,320,0.25,NaN,1,1.19,,H-FS,NaN,NaN,0.475181999,0.475181999,107,111,0.992720053,0.835208471,,,97.5,103.5,0.17868961,0.162806089,0.839841165,0.835208471,
51,Bosiljkov & Tomazevic (2004/2006),BNL6,HC,6,1.508,1.026,0.3,GP,F,0.5,245,298,237,10,11.37,,,5,4.13,0.15,,3088,342,0.25,NaN,1,0.6,,F,NaN,NaN,0.645888594,0.645888594,65.92,66.3,2.322944297,2.320954907,,,60.4,61.4,0.158488064,0.073607427,2.322944297,1.98938992,
52,Bosiljkov & Tomazevic (2004/2006),BGL1,HC,6,1.513,0.989,0.3,GP,U,0.5,245,298,237,10,11.37,,,6.3,4.31,0.2,,3302,354,0.25,NaN,1,1.19,,H-FS,NaN,NaN,0.650363516,0.330469266,100.9,101.73,0.664904164,0.660277594,,,93.7,97.4,0.120951751,0.095836087,0.664904164,0.660277594,
53,Bosiljkov & Tomazevic (2004/2006),BGL2,HC,6,1.511,0.987,0.3,GP,U,0.5,245,298,237,10,11.37,,,6.3,4.31,0.2,,3302,355,0.25,NaN,1,1.19,,H-FS,NaN,NaN,0.827266711,0.827266711,100.8,102.892,0.992720053,0.992720053,,,94.6,94.6,0.068166777,0.175380543,0.830575778,0.830575778,
54,Bosiljkov & Tomazevic (2004/2006),BGL3,HC,6,1.507,0.988,0.3,GP,U,0.5,245,298,237,10,11.37,,,6.3,4.31,0.17,,3302,NaN,0.25,NaN,1,1.19,,H-FS,NaN,NaN,0.653948242,0.834041141,55,95,0.99270073,1.005441274,,,50.47867388,84.05123853,0.289368059,0.271063977,0.948487306,0.834063167,
55,Bosiljkov & Tomazevic (2004/2006),BPL1,HC,6,1.508,0.985,0.3,GP,MP,0.52,245,299,236,11.9,13.5184,,,5.3,6.28,0.21,,4815,323,0.25,NaN,1,1.19,,H-FS,NaN,NaN,0.397877984,0.397877984,101,106.33,0.828912467,0.828912467,,,96,99.5,0.184350133,0.171087533,0.668435013,0.661803714,
56,Bosiljkov & Tomazevic (2004/2006),BPL2,HC,6,1.509,0.985,0.3,GP,MP,0.52,245,299,236,11.9,13.5184,,,5.3,6.28,0.23,,4815,320,0.25,NaN,1,1.19,,H-FS,NaN,NaN,0.495692512,0.495692512,103,110.34,0.994035785,0.994035785,,,93.6,104.2,0.207422134,0.200795229,0.778661365,0.840291584,
57,Bosiljkov & Tomazevic (2004/2006),BPL3,HC,6,1.507,0.986,0.3,GP,MP,0.52,245,299,236,11.9,13.5184,,,5.3,6.28,0.23,,4815,316,0.25,NaN,1,1.19,,H-FS,NaN,NaN,0.640345056,0.640345056,110.98,105,0.829462508,0.829462508,,,103.8,99.1,0.212342402,0.211015262,0.731254147,0.664233577,
58,Bosiljkov & Tomazevic (2004/2006),BZL1,HC,6,1.51,0.988,0.298,GP,UTG,0.48,243,298,235,15.1,17.1385,,,3.3,6.24,0.19,,5548,379,0.25,NaN,1,1.19,,H-FS,NaN,NaN,0.351655629,0.351655629,97,100.36,0.496688742,0.496688742,,,90.8,91.3,0.168874172,0.110596026,0.4,0.402649007,
59,Bosiljkov & Tomazevic (2004/2006),BZL2,HC,6,1.512,0.987,0.298,GP,UTG,0.48,243,298,235,15.1,17.1385,,,3.3,6.24,0.2,,5548,337,0.25,NaN,1,1.19,,H-FS,NaN,NaN,0.494708995,0.494708995,98.6,103.76,0.826719577,0.661375661,,,93.4,97.5,0.205026455,0.207010582,0.657407407,0.608465608,
60,Bosiljkov & Tomazevic (2004/2006),BZL3,HC,6,1.508,0.986,0.298,GP,UTG,0.48,243,298,235,15.1,17.1385,,,3.3,6.24,0.21,,5548,386,0.25,NaN,1,1.19,,H-FS,NaN,NaN,0.378647215,0.378647215,101.8,102.39,0.828912467,0.663129973,,,94.7,95.8,0.195623342,0.198275862,0.620689655,0.576259947,
61,Bosiljkov & Tomazevic (2004/2006),BNW1,HC,7,1.75,2.567,0.297,GP,F,0.51,244,297,236,10.2,11.5,,,5.44,4.956,NaN,,NaN,NaN,0.25,NaN,1,0.59,,H-FS,0.229714286,NaN,0.286857143,0.281714286,279.9,290.3,1.801714286,1.766857143,,,252.8,263.7,0.077714286,0.061142857,1.465714286,1.372571429,
62,Bosiljkov & Tomazevic (2004/2006),BNW2,HC,7,1.753,2.572,0.297,GP,F,0.51,244,297,236,10.2,11.5,,,5.65,4.956,NaN,,NaN,NaN,0.25,NaN,1,1.19,,S,0.118083286,NaN,0.228180262,0.420422133,470.65,465.1,0.580718768,0.57387336,,,438.6,445.2,0.091272105,0.091272105,0.574443811,0.571591557,
63,Bosiljkov & Tomazevic (2004/2006),BNW3,HC,7,1.751,2.584,0.297,GP,F,0.51,244,297,236,10.2,11.5,,,5.38,4.956,NaN,,NaN,NaN,0.25,NaN,1,0.89,,S,0.117647059,NaN,0.344374643,0.285551114,374.47,395.36,0.870930897,0.863506568,,,345.1,362,0.126213592,0.113649343,0.861793261,0.7692747,
64,Bosiljkov & Tomazevic (2004/2006),BZW1,HC,7,1.75,2.482,0.296,GP,UTG,0.48,244,296,237,10.9,12.3,,,5.34,5.16,NaN,,NaN,NaN,0.25,NaN,1,0.95,,S,0.171428571,NaN,0.565714286,0.539428571,346.17,358.48,0.878857143,0.879428571,,,327.3,329.2,0.142857143,0.109142857,0.719428571,0.716571429,
65,Bosiljkov & Tomazevic (2004/2006),BZW2,HC,7,1.75,2.484,0.296,GP,UTG,0.48,244,296,237,10.9,12.3,,,5.3,2.868,NaN,,NaN,NaN,0.1875,NaN,1,0.53,,H-FG,0.123428571,NaN,1.123428571,1.506285714,239.41,247.22,2.573714286,2.424,,,223.9,231.8,0.077142857,0.071428571,1.716571429,1.717142857,
66,Bosiljkov & Tomazevic (2004/2006),BTW,HC,8,1.6,2.359,0.247,GP,MP,0.52,389,247,188,13.3,14.2,,,10.42,4.668,NaN,,NaN,NaN,0.375,NaN,1,0.85,,H-FS,0.334375,NaN,0.5,0.51125,362.39,355.33,1.003125,1.151875,,,328.3,326.3,0.05375,0.05625,0.71625,0.7625,
67,Bosiljkov & Tomazevic (2004/2006),BSW,HC,9,1.82,2.712,0.172,GP,F,0.41,288,172,188,23.3,27.3,,,11.26,11.304,NaN,,NaN,NaN,0.375,NaN,1,2.07,,S,0.083516484,NaN,0.275274725,0.274725275,413.19,421.66,0.423076923,0.369230769,,,387.9,394,0.151098901,0.12967033,0.332967033,0.333516484,
68,Zilch et al. (2008),CS01,CS,10,2.5,1.25,0.175,TL,U,solid,248,175,248,26.5,34.344,,,10,19.39744268,NaN,,NaN,NaN,0.5,NaN,0.5,1,,S,NaN,NaN,0.36984,0.3562,84,85,0.524,0.528,,,77.75913829,81.02006274,0.074209431,0.06840223,0.36984,0.3562,
69,Zilch et al. (2008),CS02,CS,10,2.5,1.25,0.175,TL,U,solid,248,175,248,26.5,34.344,,,10,19.39744268,NaN,,NaN,NaN,0.5,NaN,0.5,1,,S,NaN,NaN,0.228,0.236,86,82,0.228,0.236,,,79,72,0.056,0.06,0.228,0.236,
70,Zilch et al. (2008),Clay01,HC,10,2.5,1.5,0.175,TL,UTG,NaN,363,175,249,NaN,NaN,,,NaN,NaN,NaN,,NaN,NaN,0.375,NaN,0.5,0.44,,H-F?,NaN,NaN,0.5,0.5,50,50,0.8,0.8,,,48,48,0.052,0.064,0.8,0.716,
71,Fehling et al. (2007),1,HC,10,2.5,2.2,0.175,GP,UTG,0.43,363,175,238,19.25,24.563,,,5,8.227762498,NaN,,NaN,NaN,0.25,NaN,0.5,1,,S,NaN,NaN,0.108,0.1,150,150,NaN,NaN,,,130,148,0.076,0.076,NaN,NaN,
72,Fehling et al. (2007),2,HC,10,2.5,2.2,0.175,TL,UTG,0.43,363,175,249,19.25,24.9865,,,NaN,7.992324057,NaN,,NaN,NaN,0.375,NaN,0.5,1,,D,NaN,NaN,NaN,NaN,140,140,NaN,NaN,,,NaN,NaN,NaN,NaN,NaN,NaN,
73,Fehling et al. (2007),3,HC,10,2.5,2.2,0.175,GP,UTG,0.43,363,175,238,19.25,24.563,,,5,8.227762498,NaN,,NaN,NaN,0.25,NaN,0.5,1,,S,NaN,NaN,0.13752,0.21964,121.32,115.19,0.224,0.28,,,119.7841716,108.1832253,0.10876742,0.144572062,0.15592,0.21964,
74,Fehling et al. (2007),4,HC,10,2.5,2.2,0.175,TL,UTG,0.43,363,175,249,19.25,24.9865,,,NaN,7.992324057,NaN,,NaN,NaN,0.375,NaN,0.5,1,,S,NaN,NaN,0.20152,0.21952,146.38,140.54,0.22836,0.28,,,142.8433402,131.8748695,0.132089355,0.153015882,0.22836,0.21952,
75,Fehling et al. (2007),5,HC,10,2.5,2.2,0.175,TL,UTG,0.456,363,175,249,14.1,18.3018,,,NaN,6.427246399,NaN,,NaN,NaN,0.375,NaN,0.5,1,,S,NaN,NaN,0.24444,0.23616,120,118.1,0.2548,0.2688,,,119.0139048,109.4699534,0.211129645,0.087901387,0.24179392,0.193754271,
76,Fehling et al. (2007),6,HC,10,2.5,2.2,0.175,GP,UTG,0.456,363,175,238,14.1,17.9916,,,5,6.616580673,NaN,,NaN,NaN,0.25,NaN,0.5,1,,S,NaN,NaN,0.28392,0.20304,119.91,147.82,0.31356,0.28292,,,124.2614016,138.6992203,0.24265589,0.130506184,0.31356,0.254320545,
77,Fehling et al. (2007),7,HC,10,2.5,1.1,0.175,TL,UTG,0.456,363,175,249,14.1,18.3018,,,NaN,6.427246399,NaN,,NaN,NaN,0.375,NaN,0.5,1,,S,NaN,NaN,0.4234,0.43488,56.83,60.45,0.45052,0.4864,,,51.58736739,56.66799613,0.199710126,0.35510745,0.449775344,0.445807309,
78,Fehling et al. (2007),8,HC,10,2.5,1.1,0.175,GP,UTG,0.456,363,175,238,14.1,17.9916,,,5,6.616580673,NaN,,NaN,NaN,0.25,NaN,0.5,1,,S,NaN,NaN,0.2614,0.31772,50.25,56.48,0.43008,0.63948,,,46.08289744,49.42382151,0.120485876,0.185135939,0.403181591,0.452036923,
79,Fehling et al. (2007),9,HC,10,2.5,2.2,0.175,TL,UTG,0.456,363,175,249,14.1,18.3018,,,NaN,6.427246399,NaN,,NaN,NaN,0.375,NaN,0.5,0.25,,S,NaN,NaN,0.39788,0.4758,73.39,67.29,0.39788,0.4758,,,64.56334568,60.34562755,0.134958764,0.176075276,0.31537036,0.378804766,
80,Fehling et al. (2007),10,HC,10,2.5,2.2,0.175,TL,UTG,NaN,363,175,249,NaN,NaN,,,NaN,NaN,NaN,,NaN,NaN,0.375,NaN,0.5,1,,S,NaN,NaN,0.18268,0.30932,150.39,146.42,0.196,0.316,,,158.5256859,129.9522572,0.17405419,0.137174408,0.19176,0.23044,
81,Fehling et al. (2007),11,HC,10,2.5,2.2,0.175,GP,UTG,NaN,363,175,238,NaN,NaN,,,5,NaN,NaN,,NaN,NaN,0.25,NaN,0.5,1,,S,NaN,NaN,0.2304,0.356,163.82,157.01,0.276,0.372,,,160.6036553,147.334124,0.1412,0.174290906,0.1412,0.28288,
82,Fehling et al. (2007),12,HC,10,2.5,1.1,0.175,TL,UTG,NaN,363,175,249,NaN,NaN,,,NaN,NaN,NaN,,NaN,NaN,0.375,NaN,0.5,1,,S,NaN,NaN,0.312,0.232,60,60,0.312,0.232,,,51,63,0.14,0.188,0.312,0.232,
83,Fehling et al. (2007),13,HC,10,2.5,1.1,0.175,TL,UTG,NaN,363,175,249,NaN,NaN,,,NaN,NaN,NaN,,NaN,NaN,0.375,NaN,0.5,0.5,,H-S?,NaN,NaN,0.624,0.616,43,43,0.624,0.616,,,39,38,0.152,0.208,0.624,0.616,
84,Fehling et al. (2007),14,HC,10,2.5,1.1,0.175,TL,UTG,NaN,363,175,249,NaN,NaN,,,NaN,NaN,NaN,,NaN,NaN,0.375,NaN,0.5,0.25,,F,NaN,NaN,0.8,0.7,25,25,1,1,,,24,23,0.16,0.136,0.8,0.88,
85,Fehling et al. (2007),15,HC,10,2.5,2.2,0.175,TL,UTG,NaN,363,175,249,NaN,NaN,,,NaN,NaN,NaN,,NaN,NaN,0.375,NaN,0.5,0.25,,H-S?,NaN,NaN,0.35808,0.5352,74.51,74.67,0.46064,0.5352,,,69.88388622,69.16310627,0.142108804,0.214830171,0.35162448,0.434178642,
86,Fehling et al. (2007),16,CS,10,2.5,1.25,0.175,TL,U,solid,249,175,248,26.5,34.344,,,10,19.39744268,NaN,,NaN,NaN,0.5,NaN,0.5,1,,H-GS,NaN,NaN,0.4312,0.636,87.35,90,0.4312,0.636,,,85.89271024,81.4028514,0.23645644,0.180674486,0.4312,0.42028,
87,Fehling et al. (2007),17,CS,10,2.5,1.25,0.175,TL,U,solid,249,175,248,26.5,34.344,,,10,19.39744268,NaN,,NaN,NaN,0.5,NaN,0.5,1,,S,NaN,NaN,0.48,0.38368,87.53,85.03,0.48,0.432,,,77.81150923,77.65462161,0.18298974,0.164612956,0.39128,0.30176,
88,Fehling et al. (2007),18,LAC,10,2.5,1.25,0.175,GP,UTG,NaN,249,175,238,15,19.14,,,5,8.444895703,NaN,,NaN,NaN,0.1875,NaN,0.5,1,,H-GS,NaN,NaN,0.6896,0.65776,92,90,0.6896,0.65776,,,85.61726337,85.22019741,0.234669875,0.262415345,0.6896,0.65776,
89,Fehling et al. (2007),19,LAC,10,2.5,1.25,0.175,TL,UTG,NaN,249,175,249,15,19.47,,,10,11.97380805,NaN,,NaN,NaN,0.375,NaN,0.5,1,,H-GS,NaN,NaN,0.74168,0.48424,80,95.85,0.74168,0.48424,,,70.3652663,78.24199446,0.337471653,0.177243383,0.5174,0.25164,
90,Fehling et al. (2007),20,LAC,10,2.5,1.25,0.175,GP,UTG,NaN,249,175,238,15,19.14,,,5,8.444895703,NaN,,NaN,NaN,0.1875,NaN,0.5,0.5,,G,NaN,NaN,0.792,0.76,55,55,0.792,0.76,,,48,50,0.336,0.22,0.792,0.76,
91,Fehling et al. (2007),21,LAC,10,2.5,1.25,0.175,TL,UTG,NaN,249,175,249,15,19.47,,,10,11.97380805,NaN,,NaN,NaN,0.375,NaN,0.5,0.5,,F,NaN,NaN,0.8,0.68,51,51,1.12,0.68,,,48,50,0.332,0.176,0.8,0.68,
92,Fehling et al. (2007),22,LAC,10,2.5,1.25,0.175,TL,UTG,NaN,249,175,249,15,19.47,,,10,11.97380805,NaN,,NaN,NaN,0.375,NaN,1,1,,F,NaN,NaN,0.73344,0.68116,44.72,49,0.73344,0.92,,,45.53408664,47.85905164,0.388414797,0.207736837,0.73344,0.68116,
93,Fehling et al. (2007),23,HC,10,2.5,2,0.3,TL,UTG,NaN,249,300,249,10.3,11.8347,,,NaN,4.736847067,NaN,,NaN,NaN,0.375,NaN,0.5,0.7,,D,NaN,NaN,0.25036,0.25064,103.69,108.61,0.35012,0.354,,,95.87348295,100.3731004,0.068908526,0.093094383,0.320052941,0.339912,
94,Fehling et al. (2007),24,HC,10,2.5,2,0.3,TL,UTG,NaN,249,300,249,10.3,11.8347,,,NaN,4.736847067,NaN,,NaN,NaN,0.375,NaN,0.5,0.47,,S,NaN,NaN,0.26912,0.24184,125,126.9,0.52596,0.4456,,,112.47457,113.2490479,0.132148591,0.102059111,0.3692224,0.342794333,
95,Fehling et al. (2007),25,HC,10,2.5,1,0.3,TL,UTG,NaN,249,300,249,10.3,11.8347,,,NaN,4.736847067,NaN,,NaN,NaN,0.375,NaN,0.5,0.7,,H-FS,NaN,NaN,0.44388,0.41832,47,47,0.8246,0.78332,,,44.22254908,43.60487172,0.081831543,0.142922537,0.562848,0.55028,
96,Ötes et al. (2003),V1,CS,10,2.5,2.5,0.175,TL,NaN,solid,498,175,248,26.96759259,34.95,,,15.8,15,1.2,,NaN,NaN,0.9,NaN,1,0.5,,H-FS,NaN,NaN,0.12,0.24,103,103,0.62,0.76,,,94.5,97.6,0.04,0.052,0.536,0.548,
97,Ötes et al. (2003),V2,CS,10,2.5,1.25,0.175,TL,NaN,solid,498,175,248,26.96759259,34.95,,,15.8,15,1.2,,NaN,NaN,0.9,NaN,/,0.5,,S,NaN,NaN,0.24,0.176,145,107,0.4,0.312,,,130.5,96.5,0.168,0.124,0.244,0.204,
98,Ötes et al. (2003),V3,AAC,10,2.5,1.25,0.3,TL,NaN,solid,498,300,248,2.517421603,2.89,,,15.5,2.3,0.13,,NaN,NaN,0.28,NaN,0.5,0.3,,H-FS,NaN,NaN,0.212,0.156,51,43,0.628,0.608,,,48.3,39.9,0.1,0.08,0.232,0.204,
99,Ötes et al. (2003),V4,CS,10,2.5,1.25,0.175,TL,NaN,solid,498,175,248,26.96759259,34.95,,,15.8,15,1.2,,NaN,NaN,0.9,NaN,0.5,0.5,,F,NaN,NaN,1.768,1.752,72,69,1.768,1.752,,,64.8,62.1,0.116,0.092,1.768,1.752,
100,Ötes et al. (2003),V5,LAC,10,2.5,1.25,0.3,GP,UTG,NaN,498,300,238,2.425307557,2.76,,,7.5,2,0.58,,NaN,NaN,0.64,NaN,0.5,0.3,,H-FS,NaN,NaN,0.36,0.32,60,64,1.06,1.06,,,56.1,59.9,0.1,0.144,0.54,0.848,
101,Ötes et al. (2003),V6,HC,10,2.5,1.25,0.175,TL,UTG,NaN,498,175,238,13.59717868,17.35,,,5.65,5.6,0.4,,NaN,NaN,0.2,NaN,0.5,0.5,,H-FS,NaN,NaN,0.28,0.208,53,57,0.5,0.48,,,50.6,52.4,0.1088,0.0648,0.4376,0.3384,
102,Ötes et al. (2003),V7,CS,10,2.5,2.5,0.175,TL,NaN,solid,498,175,248,26.96759259,34.95,,,15.8,15,1.2,,NaN,NaN,0.9,NaN,0.5,0.5,,S,NaN,NaN,0.19724,0.03952,145,127,0.66884,0.56676,,,134.6871888,111.3448149,0.105146965,0.018231717,0.259122091,0.171805128,
103,Ötes et al. (2003),V8,HC,10,2.5,2.5,0.175,TL,UTG,NaN,498,175,238,13.59717868,17.35,,,5.65,5.6,0.4,,NaN,NaN,0.2,NaN,0.5,0.5,,S,NaN,NaN,0.188,0.128,141.27,132,0.296,0.268,,,129.7,119.8,0.0748,0.0604,0.2416,0.22,
104,Ötes et al. (2003),V9,LAC,10,2.5,2.5,0.175,TL,UTG,NaN,373,175,238,16.84952978,21.5,,,5.65,11.4,0.63,,NaN,NaN,0.27,NaN,0.5,0.5,,S,NaN,NaN,0.2,0.08,173,164,0.364,0.388,,,168.1,157.8,0.04,0.04,0.252,0.272,
105,Ötes et al. (2003),V10,AAC,10,2.5,2.5,0.3,TL,NaN,solid,498,300,248,2.517421603,2.89,,,15.5,2.3,0.13,,NaN,NaN,0.28,NaN,0.5,0.3,,S,NaN,NaN,0.11748,0.11672,115.95,108.41,0.63744,0.70544,,,96.48188866,94.02922233,0.063880355,0.066311274,0.280970732,0.4281648,
106,Ötes et al. (2003),V11,HC,10,2.5,2.5,0.175,TL,UTG,NaN,498,175,238,13.59717868,17.35,,,5.65,5.6,0.4,,NaN,NaN,0.2,NaN,1,0.5,,F,NaN,NaN,0.2204,0.22528,100,102,0.36612,0.32976,,,93.35402079,95.24865478,0.072855814,0.084325576,0.288733429,0.265940728,
107,Penna et al. (2015),RDB01,AAC,8,2,2.5,0.3,TL,TF,solid,625,300,250,3.48,4.002,,,NaN,2.33,0.21,,1400,NaN,0.25,NaN,0.5,0.4,,S,NaN,NaN,0.3585,0.378,155.65,153.85,0.6705,0.6515,,,143.9,148.4,0.088,0.092,0.6505,0.651,
108,Rosti et al. (2016),YTO01,AAC,8,2,2.5,0.3,TL,TF,solid,500,300,250,3.06,3.519,,,10.22,1.91,0.23,,1380,357,0.29,0.5,0.5,0.4,,S,NaN,NaN,0.3445,0.345,160.98,151.52,0.664,0.6455,,,131.7,134.1,0.1675,0.1005,0.5215,0.6285,
109,Rosti et al. (2016),YTO02,AAC,8,2,2.5,0.3,TL,TF,solid,500,300,250,3.06,3.519,,,10.22,1.91,0.23,,1380,357,0.29,0.5,0.5,0.27,,S,NaN,NaN,0.0915,0.151,140.88,137.37,0.5905,0.6575,,,102.78,116.85,0.051,0.059,0.523,0.525,
110,Rosti et al. (2016),YTO03,AAC,10,2.5,1.25,0.3,TL,TF,solid,500,300,250,3.06,3.519,,,10.22,1.91,0.23,,1380,357,0.29,0.5,0.5,0.4,,H-FS,NaN,NaN,0.3816,0.2664,45.45,64.84,0.4744,0.3668,,,41.5,61.9,0.0948,0.1232,0.382,0.366,
111,Rosti et al. (2016),YTO04,AAC,10,2.5,1.25,0.3,TL,TF,solid,500,300,250,3.06,3.519,,,10.22,1.91,0.23,,1380,357,0.29,0.5,0.5,0.27,,H-FS,NaN,NaN,0.4816,0.3448,41.26,48.84,0.69,0.6792,,,39.6,46.5,0.1008,0.1196,0.5788,0.5808,
112,Rosti et al. (2016),YTO05,AAC,10,2.5,1.25,0.3,TL,TF,solid,500,300,250,3.06,3.519,,,10.22,1.91,0.23,,1380,357,0.29,0.5,1,0.4,,F,NaN,NaN,0.3768,0.7656,28.27,32.18,0.79,0.8104,,,26.8,30.2,0.1772,0.278,0.7892,0.8096,
113,Rosti et al. (2016),YTO06,AAC,10,2.5,1.25,0.3,TL,TF,solid,500,300,250,3.06,3.519,,,10.22,1.91,0.23,,1380,357,0.29,0.5,0.5,0.53,,S,NaN,NaN,0.25,0.25,64.01,72.58,0.25,0.2508,,,56.1,64.5,0.1828,0.2028,0.2208,0.25,
114,Costa et al. (2011),1,AAC,11,2.75,1.5,0.3,TL,TF,solid,625,300,250,3.31,3.8065,,,NaN,2.2,0.28,,1498,NaN,0.24,NaN,1,0.67,,H-FS,NaN,NaN,0.5664,0.432,64.42,"67,64",0.5664,0.601454545,,,59.02178569,63.09186072,0.229531373,0.221546194,0.5664,0.516683636,
115,Costa et al. (2011),2,AAC,11,2.75,1.5,0.3,TL,TF,solid,625,300,250,3.31,3.8065,,,NaN,2.2,0.28,,1498,NaN,0.24,NaN,1,0.44,,H-FS,NaN,NaN,0.384363636,0.360727273,48.34,48.48,0.576727273,0.548727273,,,43.82231345,45.57203901,0.179604606,0.13664086,0.485777778,0.548727273,
116,Costa et al. (2011),3,AAC,11,2.75,3,0.3,TL,TF,solid,625,300,250,3.31,3.8065,,,NaN,2.2,0.28,,1498,NaN,0.24,NaN,1,0.33,,S,NaN,NaN,0.164363636,0.175272727,123.67,141.71,0.651636364,0.690545455,,,115.3714693,124.5003888,0.09075673,0.085986828,0.651636364,0.525454545,
117,Costa et al. (2011),4,AAC,11,2.75,4.5,0.3,TL,TF,solid,625,300,250,3.31,3.8065,,,NaN,2.2,0.28,,1498,NaN,0.24,NaN,1,0.22,,S,NaN,NaN,0.24,0.162909091,214.89,204.48,0.341818182,0.367636364,,,200.602009,180.8221555,0.068233376,0.07201251,0.341818182,0.314181818,
118,Petry & Beyer (2014),PUP1,HC,11,2.25,2.01,0.2,GP,F,0.493,300,195,190,35,39.55,,,11.2,5.87,0.5,,3550,NaN,0.27,0.94,0.5,1.05,,S,NaN,NaN,0.15,0.12,187,167,0.31,0.21,,,93.93525,93.93525,0.083,0.083,0.29,0.168,
119,Petry & Beyer (2014),PUP2,HC,11,2.25,2.01,0.2,GP,F,0.493,300,195,190,35,39.55,,,11.2,5.87,0.5,,3550,NaN,0.27,0.94,0.75,1.05,,S,NaN,NaN,0.35,0.37,178,164,0.41,0.383,,,92.7045,92.7045,0.189,0.189,0.4,0.383,
120,Petry & Beyer (2014),PUP3,HC,11,2.25,2.01,0.2,GP,F,0.493,300,195,190,35,39.55,,,11.2,5.87,0.5,,3550,NaN,0.27,0.94,1.5,1.05,,F,NaN,NaN,0.51,0.72,121,115,0.84,0.94,,,62.8425,62.8425,0.133,0.133,0.717,0.72,
121,Petry & Beyer (2014),PUP4,HC,11,2.25,2.01,0.2,GP,F,0.493,300,195,190,35,39.55,,,11.2,5.87,0.5,,3550,NaN,0.27,0.94,1.5,1.54,,H-FS,NaN,NaN,0.27,0.36,145,142,0.44,0.382,,,75.6855,75.6855,0.139,0.139,0.352,0.382,
122,Petry & Beyer (2014),PUP5,HC,11,2.25,2.01,0.2,GP,F,0.493,300,195,190,35,39.55,,,11.2,5.87,0.5,,3550,NaN,0.27,0.94,0.75,0.55,,S,NaN,NaN,0.37,0.53,135,121,0.58,0.546,,,69.0435,69.0435,0.134,0.134,0.56,0.543,
123,Petry & Beyer (2014),PUP6,HC,11,2.25,2.01,0.2,GP,F,0.493,300,195,190,35,39.55,,,11.2,5.87,0.5,,3550,NaN,0.27,0.94,1.5,1.54,,H-FS,NaN,NaN,0.54,0.7,132,154,0.74,0.71,,,NaN,NaN,NaN,NaN,0.74,0.71,
124,Modena et al. (2005),TMC(0.33),HC,5,1.25,0.984,0.3,TL,UTG,43-47%,250,300,250,20.42,23.49,,,19.79,6.95,0.145685997,,4497,927,0.44,0.4,1,2.27,,H-FS,NaN,NaN,0.6968,0.9392,159.9,162,1.2,1.0024,,,151,145.7,0.272,0.2904,0.9944,1.0024,
125,Modena et al. (2005),TMC(0.27),HC,5,1.25,0.984,0.3,TL,UTG,43-47%,250,300,250,20.42,23.49,,,19.79,6.95,0.145685997,,4497,927,0.44,0.4,1,1.9,,H-FS,NaN,NaN,0.6952,0.5976,167.4,164.7,1,0.8056,,,154.8,157.4,0.2024,0.2464,0.7968,0.8056,
126,Modena et al. (2005),TMC(0.22),HC,5,1.25,0.984,0.3,TL,UTG,43-47%,250,300,250,20.42,23.49,,,19.79,6.95,0.145685997,,4497,927,0.44,0.4,1,1.53,,H-FS,NaN,NaN,0.796,0.4688,134.4,135.9,0.9976,1,,,126.1,128.5,0.18,0.2072,0.9264,0.8016,
127,Modena et al. (2005),TMC(0.17),HC,5,1.25,0.984,0.3,TL,UTG,43-47%,250,300,250,20.42,23.49,,,19.79,6.95,0.145685997,,4497,927,0.44,0.4,1,1.16,,H-FS,NaN,NaN,1.3464,1.1696,116.8,108,2,2,,,109.1,101,0.1472,0.1824,1.5952,1.4608,
128,Frumento et al. (2009),Z1,HC,7,1.75,2.5,0.3,GP,MP,NaN,250,300,238,NaN,NaN,,,5,5.714285714,NaN,,NaN,NaN,0.25,NaN,0.5,0.4,,S,NaN,NaN,0.129142857,0.101142857,204.4,220.4,0.35,0.35,,,180.2,198.6,0.052571429,0.054285714,0.259428571,0.246857143,
129,Frumento et al. (2009),Z2,HC,7,1.75,2.5,0.3,GP,MP,NaN,250,300,238,NaN,NaN,,,5,6,NaN,,NaN,NaN,0.25,NaN,0.5,0.6,,S,NaN,NaN,0.101,0.11,252,278,0.45,0.45,,,228.9,237,0.053714286,0.057714286,0.143428571,0.217714286,
130,Frumento et al. (2009),Z3,HC,7,1.75,2.5,0.3,GP,MP,NaN,250,300,238,NaN,NaN,,,5,6,NaN,,NaN,NaN,0.25,NaN,0.5,0.6,,S,NaN,NaN,0.149,0.149,298,297,0.6,0.6,,,261.6,265.4,0.061714286,0.053142857,0.237142857,0.297714286,
131,Frumento et al. (2009),W1,HC,7,1.75,2.5,0.3,GP,MP,0.46,250,300,238,NaN,NaN,,,6.56,6,NaN,,NaN,NaN,0.25,NaN,0.5,0.6,,H-GS,NaN,NaN,1.002857143,0.6,238.6,260,1.5,1.002285714,,,225.5,252.3,0.078285714,0.047428571,1.002857143,1.002285714,
132,Frumento et al. (2009),W2,HC,7,1.75,2.5,0.3,GP,MP,0.46,250,300,238,NaN,NaN,,,5.98,6,NaN,,NaN,NaN,0.25,NaN,0.5,0.6,,H-GS,NaN,NaN,0.6,0.4,242.5,260.5,1.5,1.5,,,226.7,248.1,0.112571429,0.056,1.002285714,1.000571429,
133,Frumento et al. (2009),W3,HC,7,1.75,2.5,0.3,GP,MP,0.46,250,300,238,NaN,NaN,,,4.93,6,NaN,,NaN,NaN,0.25,NaN,0.5,0.6,,H-FG,NaN,NaN,1,1.005714286,263.3,269.6,2.005714286,1.998857143,,,254,260.9,0.086857143,0.096571429,2.005714286,1.998857143,
134,Frumento et al. (2009),W4,HC,7,1.75,2.5,0.3,TL,MP,0.46,250,300,238,NaN,NaN,,,2.55,6,NaN,,NaN,NaN,0.375,NaN,0.5,0.6,,H-GS,NaN,NaN,0.402285714,0.605714286,257,247.9,1.5,1.5,,,242.5,227.1,0.039428571,0.092,1.354857143,1.224,
135,Frumento et al. (2009),W5,HC,7,1.75,2.5,0.3,TL,MP,0.46,250,300,238,NaN,NaN,,,3.18,6,NaN,,NaN,NaN,0.375,NaN,0.5,0.6,,H-GS,NaN,NaN,0.420571429,0.410285714,244.6,229,1.5,1.5,,,221.2,199.6,0.033714286,0.085142857,1.124571429,1.411428571,
136,Frumento et al. (2009),W6,HC,7,1.75,2.5,0.3,TL,MP,0.46,250,300,238,NaN,NaN,,,3.04,6,NaN,,NaN,NaN,0.375,NaN,0.5,0.6,,H-GS,NaN,NaN,0.211428571,0.4,266.2,247.5,1.5,1.5,,,239.1,227.7,0.032571429,0.086285714,1,1.000571429,
137,Morandi et al. (2013),MA1,HC,10,2,1.25,0.35,GP,F,0.45,245,344,188,19.2,20,,,5,9.5,0.41,,10800,1851,0.69,0.77,0.5,0.5,,S,NaN,NaN,0.09,0.102,136.31,137.86,0.687004979,0.709916209,,,125.8,120.39,0.058,0.051,0.339,0.2335,
138,Morandi et al. (2013),MA2,HC,10,2,1.25,0.35,GP,F,0.45,245,344,188,19.2,20,,,5,9.5,0.41,,10800,1851,0.69,0.77,0.5,0.7,,S,NaN,NaN,0.1255,0.141,173.57,170.45,0.695310013,0.730790246,,,155.34,152.63,0.0635,0.055,0.1995,0.4105,
139,Morandi et al. (2013),MA3,HC,10,2,1.25,0.35,GP,F,0.45,245,344,188,19.2,20,,,5,9.5,0.41,,10800,1851,0.69,0.77,0.5,1,,S,NaN,NaN,0.0945,0.115,206.45,201.63,0.589911768,0.644843936,,,178.77,176,0.056,0.059,0.239,0.2415,
140,Morandi et al. (2013),MA4,HC,10,2,2.5,0.35,GP,F,0.45,245,344,188,19.2,20,,,5,9.5,0.41,,10800,1851,0.69,0.77,0.5,0.5,,S,0.15,NaN,0.15,0.1815,421.57,395.74,0.951708713,1.057645375,,,376.1,362.16,0.051,0.0625,0.318,0.2105,
141,Morandi et al. (2013),MA5,HC,10,2,2.5,0.35,GP,F,0.45,245,344,188,19.2,20,,,5,9.5,0.41,,10800,1851,0.69,0.77,0.5,0.7,,S,0.1,NaN,0.1555,0.166,535.09,508.64,0.569465503,0.664937715,,,482.25,461.7,0.0655,0.068,0.238,0.241,
142,Morandi et al. (2014),MA6,HC,10,2,1.25,0.35,GP,F,0.45,245,344,188,19.2,20,,,5,9.5,0.41,,10800,1851,0.69,0.77,1,0.2,,F,NaN,NaN,0.2955,0.1565,27.74,27.74,2.994103949,2.993753183,,,24.43,23.81,0.013,0.0365,2.823,1.595,
143,Morandi et al. (2014),MB1,HC,9,2.14,1.38,0.35,TL,UTG,0.54,230,352,235,10.5,12,,,13.4,6.2,NaN,,6100,NaN,0.49,1.04,0.5,0.15,,H-FG,0.15,NaN,0.161214953,0.394859813,50.94,45.66,1.995770121,1.996155232,,,44.8,42.87,0.038785047,0.05,1.980373832,1.73364486,
144,Morandi et al. (2014),MB2,HC,9,2.14,1.38,0.35,TL,UTG,0.54,230,352,235,10.5,12,,,13.4,6.2,NaN,,6100,NaN,0.49,1.04,0.5,0.45,,H-GS,NaN,NaN,0.097663551,0.126635514,125.95,119.18,0.798856265,0.798939064,,,119.6,110.02,0.046261682,0.043457944,0.694859813,0.696261682,
145,Morandi et al. (2014),MB3,HC,9,2.14,1.38,0.35,TL,UTG,0.54,230,352,235,10.5,12,,,13.4,6.2,NaN,,6100,NaN,0.49,1.04,0.5,0.65,,S,0.1,NaN,0.199065421,0.148598131,170.11,163.99,0.499120215,0.399650376,,,159.93,154.13,0.064018692,0.063084112,0.395794393,0.396728972,
146,Morandi et al. (2014),MB4,HC,9,2.14,2.76,0.35,TL,UTG,0.54,230,352,235,10.5,12,,,13.4,6.2,NaN,,6100,NaN,0.49,1.04,0.5,0.45,,G,0.05,NaN,0.19953271,0.15,261.28,276.74,1.996433088,1.99652527,,,238.24,244.12,0.06588785,0.057009346,1.98271028,1.982242991,
147,Morandi et al. (2014),MB5,HC,9,2.14,2.76,0.35,TL,UTG,0.54,230,352,235,10.5,12,,,13.4,6.2,NaN,,6100,NaN,0.49,1.04,0.5,0.65,,H-GS,0.05,NaN,NaN,NaN,335.48,353.71,0.999263621,0.999613521,,,323.18,342.55,0.159813084,0.111214953,0.796261682,0.796261682,
148,Fehling & Stürz (2008),PP1,AAC,10,2.5,2.5,0.15,TL,U,solid,498,175,238,4.24,5.41024,,,NaN,2.66,NaN,,1441,NaN,0.31,NaN,0.5,0.55,,S,NaN,NaN,0.304,0.304,90,90,0.304,0.304,,,80,83,0.092,0.084,0.304,0.304,
149,Fehling & Stürz (2008),PP2,AAC,10,2.5,2.5,0.15,TL,U,solid,498,175,238,4.24,5.41024,,,NaN,2.66,NaN,,1441,NaN,0.31,NaN,0.5,1.1,,D,NaN,NaN,0.18048,0.1324,103.68,96.04,0.251,0.25528,,,96.82315832,78.61143413,0.093788145,0.071869332,0.143670287,0.135716364,
150,Fehling & Stürz (2008),PP3,AAC,10,2.5,2.5,0.15,TL,U,solid,498,175,238,4.24,5.41024,,,NaN,2.66,NaN,,1441,NaN,0.31,NaN,0.5,0.22,,S,NaN,NaN,0.14344,0.16648,58,60.55,0.69024,0.75512,,,52.88253394,53.44225627,0.115002354,0.110372019,0.543821518,0.358984,
151,Fehling & Stürz (2008),PP4,AAC,10,2.5,2.5,0.15,TL,U,solid,498,175,238,4.24,5.41024,,,NaN,2.66,NaN,,1441,NaN,0.31,NaN,0.5,0.55,,S,NaN,NaN,0.3806,0.34724,106.44,113,0.41532,0.44604,,,99.42950447,100.7535705,0.148399677,0.179845948,0.380139063,0.360626121,
152,Fehling & Stürz (2008),PP5,AAC,10,2.5,2.5,0.15,TL,U,solid,498,175,238,4.24,5.41024,,,NaN,2.66,NaN,,1441,NaN,0.31,NaN,0.5,0.22,,S,NaN,NaN,0.46812,0.26444,68.03,63.57,0.46812,0.53516,,,61.6014118,58.64031064,0.140436419,0.140905011,0.423990613,0.374658731,
153,Fehling & Stürz (2008),PP6,AAC,10,2.5,1.5,0.15,TL,U,solid,498,175,238,4.24,5.41024,,,NaN,2.66,NaN,,1441,NaN,0.31,NaN,0.5,0.22,,H-FS,NaN,NaN,0.15068,0.17228,48.07,40.95,0.24008,0.37796,,,44.8115704,31.81561956,0.09142263,0.111702792,0.136960632,0.291904,
154,Fehling & Stürz (2008),PP7,AAC,10,2.5,1.5,0.15,TL,U,solid,498,175,238,4.24,5.41024,,,NaN,2.66,NaN,,1441,NaN,0.31,NaN,0.5,1.1,,D,NaN,NaN,0.13404,0.17784,44.71,50,0.332,0.38352,,,38.01915927,43.77672953,0.090136389,0.091441962,0.300974737,0.240386353,
155,Fehling & Stürz (2008),PPgn8,AAC,10,2.5,2.5,0.15,TL,U,solid,498,175,238,5.49,7.00524,,,NaN,2.66,NaN,,1441,NaN,0.31,NaN,0.5,0.55,,S,NaN,NaN,0.13488,0.27844,96.24,98,0.31088,0.27844,,,90.32961158,90.48925508,0.127181439,0.088504493,0.210485634,0.191163583,
156,Fehling & Stürz (2008),PPgn9,AAC,10,2.5,2.5,0.15,TL,TF,solid,498,175,238,5.49,7.00524,,,NaN,2.66,NaN,,1441,NaN,0.31,NaN,0.5,0.55,,S,NaN,NaN,0.24128,0.13076,122.4,110.72,0.34384,0.35804,,,112.7286173,95.23279572,0.121683913,0.090436473,0.263206897,0.255765515,
157,Fehling & Stürz (2008),PSD10,AAC,10,2.5,2.5,0.15,TL,U,solid,498,175,238,4.24,5.41024,,,NaN,2.66,NaN,,1441,NaN,0.31,NaN,0.5,0.55,,S,NaN,NaN,0.296,0.272,89,89,0.296,0.272,,,82,87,0.16,0.132,0.296,0.272,
158,Fehling & Stürz (2008),PSD11,AAC,10,2.5,2.5,0.15,TL,U,solid,498,175,238,4.24,5.41024,,,NaN,2.66,NaN,,1441,NaN,0.31,NaN,0.5,0.34,,S,NaN,NaN,0.2,0.28,72,62,0.564,0.66,,,58,59,0.148,0.144,0.564,0.66,
159,Fehling & Stürz (2008),PSD12,AAC,10,2.5,1.5,0.15,TL,U,solid,498,175,238,4.24,5.41024,,,NaN,2.66,NaN,,1441,NaN,0.31,NaN,0.5,0.55,,S,NaN,NaN,0.256,0.236,40,45,0.304,0.416,,,38,42,0.172,0.172,0.304,0.416,
160,Fehling & Stürz (2008),PSD13,AAC,10,2.5,1.5,0.15,TL,U,solid,498,175,238,4.24,5.41024,,,NaN,2.66,NaN,,1441,NaN,0.31,NaN,0.5,0.34,,S,NaN,NaN,0.148,0.148,40,42,0.2,0.248,,,35,34,0.092,0.1,0.2,0.248,
161,Salmanpour et al (2015),P1,HC,8,1.6,1.5,0.15,GP,F,0.42,290,150,190,26.3,32.086,,,14.1,6.4,NaN,,NaN,NaN,0.375,NaN,0.5,0.64,,S,NaN,NaN,0.16,0.17,82,91,0.37,0.368,,,76.32188559,81.1031425,0.070513619,0.075434572,0.28853,0.265267842,
162,Salmanpour et al (2015),P2,HC,8,1.6,1.5,0.15,GP,F,0.42,290,150,190,26.3,32.086,,,14.1,6.4,NaN,,NaN,NaN,0.375,NaN,0.5,0.96,,S,NaN,NaN,0.155,0.15,94,103,0.268375,0.262125,,,84.28128558,94.1296506,0.075236141,0.064240013,0.213088319,0.207217542,
163,Salmanpour et al (2015),P3,CS,8,1.6,1.55,0.15,GP,F,0.25,250,145,190,22.2,27.306,,,14.1,7.7,NaN,,NaN,NaN,0.25,NaN,0.5,0.77,,S,NaN,NaN,0.11,0.1491875,126,131,0.5773125,0.3593125,,,115.6604777,116.3377958,0.059445036,0.040178052,0.218466667,0.149197062,
164,Salmanpour et al (2015),P4,CS,8,1.6,1.55,0.15,GP,F,0.25,250,145,190,22.2,27.306,,,14.1,7.7,NaN,,NaN,NaN,0.25,NaN,0.5,1.16,,S,NaN,NaN,0.16,0.115,137.14,148,0.406875,0.285125,,,123.9258678,130.6906422,0.082116998,0.051712332,0.245172727,0.213890746,
165,Salmanpour et al (2015),T1,HC,13,2.6,2.7,0.15,GP,F,0.42,290,150,190,26.3,32.086,,,10.5,5.8,NaN,,NaN,NaN,0.26,0.48,0.5,0.58,,S,0.07,NaN,0.165,0.17,145,141,0.324307692,0.335615385,,,131.8928119,130.9592429,0.073399121,0.070812805,0.270453127,0.270163291,
166,Salmanpour et al (2015),T2,HC,13,2.6,2.7,0.15,GP,F,0.42,290,150,190,26.3,32.086,,,10.5,5.8,NaN,,NaN,NaN,0.26,0.48,0.5,0.29,,S,0.06,NaN,0.285961538,0.22,84,88,0.335615385,0.322884615,,,78.35816303,82.62854973,0.059522272,0.045063707,0.285988104,0.270107415,
167,Salmanpour et al (2015),T3,HC,13,2.6,2.7,0.15,GP,F,0.42,290,150,190,26.3,32.086,,,10.5,5.8,NaN,,NaN,NaN,0.26,0.48,0.5,1.16,,S,0.05,NaN,0.165,0.165,197,181,0.273807692,0.2175,,,180.1270832,165.3306376,0.07457807,0.064140597,0.21612415,0.2175,
168,Salmanpour et al (2015),T5,HC,13,2.6,1.8,0.15,GP,F,0.42,290,150,190,26.3,32.086,,,10.5,5.8,NaN,,NaN,NaN,0.26,0.48,0.5,0.58,,S,0.05,NaN,0.12,0.115,94,67,0.230115385,0.235192308,,,81.8398882,60.5118969,0.062489167,0.059607194,0.17872166,0.180548192,
169,Salmanpour et al (2015),T6,HC,13,2.6,3.6,0.15,GP,F,0.42,290,150,190,26.3,32.086,,,10.5,5.8,NaN,,NaN,NaN,0.26,0.48,0.5,0.58,,S,0.05,NaN,0.22,0.2,219,223,0.270807692,0.268384615,,,206.369798,206.5583603,0.067820792,0.053177203,0.264351429,0.231661818,
170,Salmanpour et al (2015),T7,HC,13,2.6,2.7,0.15,GP,F,0.42,290,150,190,26.3,32.086,,,10.5,5.8,NaN,,NaN,NaN,0.26,0.48,1,0.58,,F,0.05,NaN,0.29,0.22,108,102,0.98,0.98,,,97.6,97.6,0.06,0.06,0.62,0.62,
171,Morandi et al. (2015),MC1,HC,9,2.088,1.35,0.35,TL,MP,0.53,223,340,230,13,14.7,,,12.4,8.3,0.32,,7600,622,0.72,0.95,0.5,0.2,,F,0.029,NaN,0.108237548,0.110632184,69.39,77.26,1.221531972,1.237465109,,,60.79,70.18,0.048371648,0.023467433,0.935823755,1.228927203,
172,Morandi et al. (2015),MC2,HC,9,2.088,1.35,0.35,TL,MP,0.53,223,340,230,13,14.7,,,12.4,8.3,0.32,,7600,622,0.72,0.95,0.5,0.61,,S,NaN,NaN,0.225095785,0.094827586,179.68,174.71,0.498426191,0.503971007,,,170.68,148.47,0.06848659,0.056992337,0.253831418,0.234195402,
173,Morandi et al. (2015),MC3,HC,9,2.088,1.35,0.35,TL,MP,0.53,223,340,230,13,14.7,,,12.4,8.3,0.32,,7600,622,0.72,0.95,0.5,0.88,,S,NaN,NaN,0.127394636,0.130268199,256.32,260.26,0.415904853,0.386700396,,,206.87,234.02,0.076628352,0.09243295,0.199233716,0.195402299,
174,Morandi et al. (2015),MC4,HC,9,2.088,2.7,0.35,TL,MP,0.53,223,340,230,13,14.7,,,12.4,8.3,0.32,,7600,622,0.72,0.95,0.5,0.43,,S,0.075,NaN,0.117816092,0.105363985,393.68,399.43,0.568546612,0.635182072,,,362.65,363.3,0.065613027,0.059386973,0.277298851,0.256226054,
175,Morandi et al. (2015),MC5,HC,9,2.088,2.7,0.35,TL,MP,0.53,223,340,230,13,14.7,,,12.4,8.3,0.32,,7600,622,0.72,0.95,0.5,0.61,,S,0.075,NaN,0.17816092,0.097701149,433.65,462.26,0.604045642,0.588610289,,,386.91,422.65,0.058429119,0.061302682,0.526340996,0.403256705,
176,Modena et al. (2005),TGC(0.27),HC,5,1.17,0.992,0.3,GP,UTG,43-47%,250,300,225,20.96,25.15,,,14.03,5.67,0.190947666,,4924,1002,0.54,0.64,1,1.55,,H-FS,NaN,NaN,1.243589744,1.051282051,154.5,152.7,2.136752137,1.709401709,,,145.2,144.1,0.252136752,0.212820513,1.577777778,1.709401709,
177,Modena et al. (2005),TGC(0.22),HC,5,1.17,0.992,0.3,GP,UTG,43-47%,250,300,225,20.96,25.15,,,14.03,5.67,0.190947666,,4924,1002,0.54,0.64,1,1.24,,H-FS,NaN,NaN,1.414529915,1.437606838,125,128.1,2.136752137,2.136752137,,,117.4,121.3,0.173504274,0.172649573,1.577777778,1.569230769,
178,Modena et al. (2005),TGC(0.17),HC,5,1.17,0.992,0.3,GP,UTG,43-47%,250,300,225,20.96,25.15,,,14.03,5.67,0.190947666,,4924,1002,0.54,0.64,1,0.94,,H-FS,NaN,NaN,1.44957265,1.064957265,116.1,119,2.564102564,2.564102564,,,110,109.3,0.237606838,0.273504274,2.406837607,1.418803419,
179,Modena et al. (2005),PC(0.27),HC,5,1.17,0.992,0.3,GP,MP,43-47%,250,300,225,20.43,24.51,,,14.03,5.34,0.379773692,,5237,1402,0.54,0.64,1,1.46,,H-FS,NaN,NaN,1.256410256,1.318803419,139.6,146,1.709401709,1.709401709,,,131.4,133.4,0.334188034,0.165811966,1.482905983,1.367521368,
180,Modena et al. (2005),PC(0.22),HC,5,1.17,0.992,0.3,GP,MP,43-47%,250,300,225,20.43,24.51,,,14.03,5.34,0.379773692,,5237,1402,0.54,0.64,1,1.14,,H-FS,NaN,NaN,1.266666667,1.48974359,143.1,137.6,3.418803419,3.418803419,,,130.5,126.1,0.098290598,0.166666667,1.984615385,2.08974359,
181,Modena et al. (2005),PC(0.17),HC,5,1.17,0.992,0.3,GP,MP,43-47%,250,300,225,20.43,24.51,,,14.03,5.34,0.379773692,,5237,1402,0.54,0.64,1,0.89,,H-FS,NaN,NaN,2.21965812,1.512820513,91.4,92.1,4.615384615,4.615384615,,,86,86.8,0.303418803,0.378632479,3.445299145,2.907692308,
182,Graziotti et al. (2016a),COMP1_1,SB-CS,34,2.75,1.1,0.102,GP,F,solid,212,102,71,18.67,16.33,,,7.24,6.2,NaN,,3256,NaN,0.21,0.42,0.5,0.52,,F,0.2,NaN,2.006545455,2.008363636,26.5,27.64,2.006545455,2.008363636,,,24.1800678,24.70821181,0.070287049,0.06154469,1.501490909,1.490909091,
183,Graziotti et al. (2016a),COMP1_3,SB-CS,34,2.75,4,0.102,GP,F,solid,212,102,71,18.67,16.33,,,7.24,6.2,NaN,,3256,NaN,0.21,0.42,1,0.3,,S,NaN,NaN,0.047636364,0.046545455,76.7,77.96,0.306181818,0.299636364,,,63.75408459,57.28107329,0.017653872,0.012752712,0.250909091,0.258472727,
184,Graziotti et al. (2016b),COMP2_1,SB-C,45,2.71,1.2,0.208,GP,F,solid,208,100,50,62.38,46.8,,,4.12,11.22,NaN,,9833,NaN,0.15,0.55,0.5,0.52,,F,0.20295203,NaN,0.36900369,0.36900369,59.14285714,58.42857143,4.05904059,3.055350554,,,56.09091124,56.01360039,0.047924009,0.058753021,3.03800738,3.03800738,
185,Graziotti et al. (2016b),COMP2_2,SB-C,45,2.71,1.2,0.208,GP,F,solid,208,100,50,62.38,46.8,,,4.12,11.22,NaN,,9833,NaN,0.15,0.55,0.5,1.2,,H-FS,0.20295203,NaN,0.802583026,0.616236162,120,122.7142857,1.264206642,1.011070111,,,118.3948977,120.1912825,0.087929817,0.08778672,1.00701107,1.009594096,
186,Graziotti et al. (2016b),COMP2_3,SB-C,45,2.71,1.2,0.208,GP,F,solid,208,100,50,62.38,46.8,,,4.12,11.22,NaN,,9833,NaN,0.15,0.55,0.5,0.86,,H-FS,0.152398524,NaN,0.616236162,0.601476015,92.57142857,92.57142857,1.271217712,1.269741697,,,91.37571143,90.59461007,0.069032624,0.086811803,1.00701107,1.014760148,
187,Graziotti et al. (2016b),COMP2_4,SB-C,45,2.71,2.74,0.208,GP,F,solid,208,100,50,62.38,46.8,,,4.12,11.22,NaN,,9833,NaN,0.15,0.55,0.5,0.3,,S,0.020664207,NaN,0.045756458,0.048708487,126.1428571,137.1428571,0.317343173,0.305166052,,,111.4,126.3,0.021439114,0.019557196,0.238081181,0.200738007,
188,Graziotti et al. (2016b),COMP2_5,SB-C,45,2.71,2.74,0.208,GP,F,solid,208,100,50,62.38,46.8,,,4.12,11.22,NaN,,9833,NaN,0.15,0.55,0.5,0.3,,SL,NaN,NaN,0.100369004,0.097416974,149,143.1428571,1.512915129,1.520295203,,,135.2,132.4,0.030811808,0.025313653,1.381180812,1.473763838,
189,Inzunza Araya et al. (2026),SW0.1,HC,7,1.4,1.075,0.25,GP,F,25-55%,300,250,190,35.5,30.35,9.5,7.6,11.59,7.04,0.27(RILEM)/0.38 (ASTM),517,5277,923(RILEM)/1305 (ASTM),0.39,0.443,0.5,0.704,Yes (full curve),S,0.1,0.09,0.17,0.14,107.5,99.4375,0.54,0.64,16.125,10.75,96.75,88.6875,0.09,0.07,0.29,0.29,Yes (DIC)
190,Inzunza Araya et al. (2026),SW02,HC,7,1.4,1.075,0.25,GP,F,25-55%,300,250,190,35.5,30.35,9.5,7.6,12.27,7.04,0.27(RILEM)/0.38 (ASTM),523,5277,923(RILEM)/1305 (ASTM),0.39,0.443,0.5,1.408,Yes (full curve),S,0.11,0.08,0.09,0.18,129,137.0625,0.42,0.41,83.3125,107.5,115.5625,126.3125,0.07,0.06,0.3,0.41,Yes (DIC)
191,Inzunza Araya et al. (2026),MW0.1,HC,10,2,1.54,0.25,GP,F,25-55%,300,250,190,35.5,30.35,9.5,7.6,11.43,7.04,0.27(RILEM)/0.38 (ASTM),518,5277,923(RILEM)/1305 (ASTM),0.39,0.443,0.5,0.704,Yes (full curve),S,0.08,0.06,0.15,0.11,157.85,138.6,0.44,0.28,65.45,15.4,142.45,123.2,0.06,0.05,0.22,0.16,Yes (DIC)
192,Inzunza Araya et al. (2026),MW0.2,HC,10,2,1.54,0.25,GP,F,25-55%,300,250,190,35.5,30.35,9.5,7.6,11.78,7.04,0.27(RILEM)/0.38 (ASTM),521,5277,923(RILEM)/1305 (ASTM),0.39,0.443,0.5,1.408,Yes (full curve),S,0.05,0.04,0.13,0.11,211.75,184.8,0.31,0.29,134.75,53.9,200.2,192.5,0.09,0.08,0.28,0.24,Yes (DIC)
193,Inzunza Araya et al. (2026),LW0.1,HC,14,2.8,2.16,0.25,GP,F,25-55%,300,250,190,35.5,30.35,9.5,7.6,13.07,7.04,0.27(RILEM)/0.38 (ASTM),581,5277,923(RILEM)/1305 (ASTM),0.39,0.443,0.5,0.704,Yes (full curve),S,0.05,0.04,0.15,0.1,205.2,172.8,0.3,0.31,81,32.4,194.4,172.8,0.07,0.06,0.19,0.18,Yes (DIC)
194,Inzunza Araya et al. (2026),LW0.2,HC,14,2.8,2.16,0.25,GP,F,25-55%,300,250,190,35.5,30.35,9.5,7.6,11.84,7.04,0.27(RILEM)/0.38 (ASTM),536,5277,923(RILEM)/1305 (ASTM),0.39,0.443,0.5,1.408,Yes (full curve),S,0.05,0.04,0.1,0.19,264.6,248.4,0.27,0.25,124.2,194.4,243,237.6,0.06,0.06,0.21,0.25,Yes (DIC)
195,Inzunza Araya et al. (2027),HfBW0.1,HC,10,2,1.54,0.25,GP,F,0.45,300,250,190,22,18.87,4,3.2,16.96,6.89,0.38(RILEM)/0.54 (ASTM),631,5272,1237(RILEM)/1749 (ASTM),0.27,0.672,0.5,0.689,Yes (full curve),S,0.04,0.09,0.11,0.14,127.05,123.2,0.5,0.53,65.45,46.2,111.65,115.5,0.06,0.06,0.31,0.3,Yes (DIC)
196,Inzunza Araya et al. (2027),HfBW0.2,HC,10,2,1.54,0.25,GP,F,0.45,300,250,190,22,18.87,4,3.2,19.88,6.89,0.38(RILEM)/0.54 (ASTM),648,5272,1237(RILEM)/1749 (ASTM),0.27,0.672,0.5,1.378,Yes (full curve),S,0.05,0.04,0.19,0.09,188.65,169.4,0.41,0.4,80.85,50.05,169.4,161.7,0.08,0.07,0.3,0.39,Yes (DIC)
197,Inzunza Araya et al. (2027),LfBW0.1,HC,10,2,1.54,0.25,GP,F,0.6,300,250,190,25.9,22.19,2.2,1.74,18.74,5.27,0.31(RILEM)/0.43 (ASTM),666,6954,1848(RILEM)/2613 (ASTM),0.26,0.412,0.5,0.527,Yes (full curve),H-FS,0.09,0.04,0.14,0.13,115.5,103.95,0.3,0.31,23.1,15.4,107.8,103.95,0.07,0.06,0.19,0.19,Yes (DIC)
198,Inzunza Araya et al. (2027),LfBW0.2,HC,10,2,1.54,0.25,GP,F,0.6,300,250,190,25.9,22.19,2.2,1.74,14.95,5.27,0.31(RILEM)/0.43 (ASTM),593,6954,1848(RILEM)/2613 (ASTM),0.26,0.412,0.5,1.054,Yes (full curve),S,0.06,0.07,0.06,0.07,150.15,154,0.2,0.22,96.25,19.25,146.3,146.3,0.04,0.05,0.15,0.15,Yes (DIC)
