drift [%],horizontal_force [kN]
4.11e-06,1.1248
8.87e-05,3.05255
0.000821079,6.0443
0.000844151,4.6926
0.001743434,7.8288
0.002059414,9.65565
0.002445744,11.5815
0.002904651,13.628
0.003726934,15.838
0.004709103,18.235
0.004903262,20.665
0.005549098,23.2015
0.007082565,25.735
0.008456405,28.2285
0.008992355,30.7585
0.009589305,33.255
0.010868532,35.745
0.011873785,38.2285
0.01307012,40.675
0.014392563,43.0915
0.015855554,45.5115
0.016227792,47.9115
0.017925758,50.3015
0.019043315,52.7115
0.020387434,54.998
0.021988581,57.358
0.022898441,58.436
0.02474598,62.876
0.025108432,64.774
0.026154306,67.0
0.027379367,69.164
0.029124704,71.222
0.030057884,73.274
0.030875559,75.264
0.032806905,77.068
0.034006748,78.864
0.035389909,80.536
0.036553234,82.296
0.038327513,83.97
0.039808388,85.558
0.041079324,87.02
0.043278798,88.19
0.043736325,88.182
0.044055911,87.91
0.044069594,88.808
0.044904508,84.7695
0.045138993,84.7595
0.04729311,93.035
0.050768487,96.351
0.053898112,99.397
0.057614748,102.05
0.061038068,104.69
0.064374217,107.23
0.0682258,109.68
0.07202588,112.04
0.075417188,114.363
0.079748849,116.553
0.084137999,118.636
0.088214762,120.509
0.09230059,121.834
0.092343634,119.823
0.092481346,120.468
0.094594425,113.556
0.096992846,121.426
0.101342705,123.846
0.105967717,125.0435
0.11047326,125.6135
0.116124643,124.4035
0.121723967,124.677
0.126743465,125.3335
0.13209012,124.6565
0.137569946,124.7345
0.141732845,123.0955
0.142000677,123.924
0.143555289,118.0875
0.143634183,118.1125
0.143674206,113.672
0.14823488,116.755
0.155130837,117.783
0.16212818,118.311
0.169543407,118.811
0.176993187,118.661
0.184359502,118.758
0.190968468,117.659
0.191379579,116.669
0.191542135,116.288
0.192591591,112.829
0.19272725,112.411
0.192789212,112.068
0.193767021,110.77
0.194191389,111.2365
0.194212146,110.6355
0.19446828,107.609
0.201071058,109.99
0.208131286,110.996
0.215136459,111.908
0.22199722,112.646
0.22914281,113.334
0.236123189,113.994
0.243084056,114.514
0.243446095,113.032
0.243911838,113.472
0.244664247,110.2045
0.253285885,107.146
0.26274475,108.15
0.272513971,109.042
0.282197868,109.758
0.292217976,110.328
0.295536793,109.334
0.295561541,108.622
0.297644191,104.9585
0.297684138,104.987
0.297866625,104.2305
0.298114714,97.243
0.306707117,97.082
0.318485864,97.839
0.33154521,97.81
0.344876957,97.41
0.35790971,94.505
0.371224344,91.319
0.384383946,87.828
0.396230256,83.57
0.398151799,81.987
0.398209307,82.474
0.399494264,78.18
0.399643752,75.73
0.404190476,73.0665
0.404334814,72.521
0.404341018,74.2685
0.404972676,67.52
0.415951672,68.58
0.430157604,68.09
0.443979374,68.45
0.458008877,68.57
0.47200674,68.9
0.485794908,68.87
0.499895143,67.8
0.50383477,66.31
0.504364368,65.56
0.504492289,61.73
0.504531938,61.584
